{
  "color": {
    "window_bg_color": ["#EBEBEC", "#212325"],
    "button": ["#3B8ED0", "#1F6AA5"],
    "button_hover": ["#36719F", "#144870"],
    "button_border": ["#3E454A", "#949A9F"],
    "checkbox_border": ["#3E454A", "#949A9F"],
    "checkmark": ["white", "gray90"],
    "entry": ["#F9F9FA", "#343638"],
    "entry_border": ["#979DA2", "#565B5E"],
    "entry_placeholder_text": ["gray52", "gray62"],
    "frame_border": ["#979DA2", "#1F2122"],
    "frame_low": ["#D1D5D8", "#2A2D2E"],
    "frame_high": ["#C0C2C5", "#343638"],
    "label": [null, null],
    "text": ["gray10", "#DCE4EE"],
    "text_disabled": ["gray60", "#777B80"],
    "text_button_disabled": ["gray40", "gray74"],
    "progressbar": ["#939BA2", "#4A4D50"],
    "progressbar_progress": ["#3B8ED0", "#1F6AA5"],
    "progressbar_border": ["gray", "gray"],
    "slider": ["#939BA2", "#4A4D50"],
    "slider_progress": ["gray40", "#AAB0B5"],
    "slider_button": ["#3B8ED0", "#1F6AA5"],
    "slider_button_hover": ["#36719F", "#144870"],
    "switch": ["#939BA2", "#4A4D50"],
    "switch_progress": ["#3B8ED0", "#1F6AA5"],
    "switch_button": ["gray36", "#D5D9DE"],
    "switch_button_hover": ["gray20", "gray100"],
    "optionmenu_button": ["#36719F", "#144870"],
    "optionmenu_button_hover": ["#27577D", "#203A4F"],
    "combobox_border": ["#979DA2", "#565B5E"],
    "combobox_button_hover": ["#6E7174", "#7A848D"],
    "dropdown_color": ["gray90", "gray20"],
    "dropdown_hover": ["gray75", "gray28"],
    "dropdown_text": ["gray10", "#DCE4EE"],
    "scrollbar_button": ["gray55", "gray41"],
    "scrollbar_button_hover": ["gray40", "gray53"]
  },
  "text": {
    "macOS": {
      "font": "SF Display",
      "size": -13
    },
    "Windows": {
      "font": "Roboto",
      "size": -13
    },
    "Linux": {
      "font": "Roboto",
      "size": -13
    }
  },
  "shape": {
    "button_corner_radius": 6,
    "button_border_width": 0,
    "checkbox_corner_radius": 6,
    "checkbox_border_width": 3,
    "radiobutton_corner_radius": 1000,
    "radiobutton_border_width_unchecked": 3,
    "radiobutton_border_width_checked": 6,
    "entry_border_width": 2,
    "frame_corner_radius": 6,
    "frame_border_width": 0,
    "label_corner_radius": 0,
    "progressbar_border_width": 0,
    "progressbar_corner_radius": 1000,
    "slider_border_width": 6,
    "slider_corner_radius": 1000,
    "slider_button_length": 0,
    "slider_button_corner_radius": 1000,
    "switch_border_width": 3,
    "switch_corner_radius": 1000,
    "switch_button_corner_radius": 1000,
    "switch_button_length": 0,
    "scrollbar_corner_radius": 1000,
    "scrollbar_border_spacing": 4
  }
}
